2025-01-01,New Year's Day
2025-02-17,Family Day
2025-04-18,Good Friday
2025-05-19,Victoria Day
2025-07-01,Canada Day
2025-09-01,Labour Day
2025-10-13,Thanksgiving Day
2025-12-25,Christmas Day
2025-12-26,Boxing Day
2026-01-01,New Year's Day
2026-02-16,Family Day
2026-04-03,Good Friday
2026-05-18,Victoria Day
2026-07-01,Canada Day
2026-09-07,Labour Day
2026-10-12,Thanksgiving Day
2026-12-25,Christmas Day
2026-12-26,Boxing Day
2027-01-01,New Year's Day
2027-02-15,Family Day
2027-03-26,Good Friday
2027-05-24,Victoria Day
2027-07-01,Canada Day
2027-09-06,Labour Day
2027-10-11,Thanksgiving Day
2027-12-25,Christmas Day
2027-12-26,Boxing Day
2028-01-01,New Year's Day
2028-02-21,Family Day
2028-04-14,Good Friday
2028-05-22,Victoria Day
2028-07-01,Canada Day
2028-09-04,Labour Day
2028-10-09,Thanksgiving Day
2028-12-25,Christmas Day
2028-12-26,Boxing Day
2029-01-01,New Year's Day
2029-02-19,Family Day
2029-03-30,Good Friday
2029-05-21,Victoria Day
2029-07-01,Canada Day
2029-09-03,Labour Day
2029-10-08,Thanksgiving Day
2029-12-25,Christmas Day
2029-12-26,Boxing Day
2030-01-01,New Year's Day
2030-02-18,Family Day
2030-04-19,Good Friday
2030-05-20,Victoria Day
2030-07-01,Canada Day
2030-09-02,Labour Day
2030-10-14,Thanksgiving Day
2030-12-25,Christmas Day
2030-12-26,Boxing Day